{
    "name": "wake-word_entity",
    "roles": [
        "wake-word_entity"
    ],
    "lookups": [
        "free-text",
        "keywords"
    ],
    "keywords": [
        {
            "keyword": "hey meduh",
            "synonyms": [
                "hey meduh"
            ]
        },
        {
            "keyword": "hey meta",
            "synonyms": [
                "hey meta"
            ]
        },
        {
            "keyword": "hey metuh",
            "synonyms": [
                "hey metuh"
            ]
        },
        {
            "keyword": "meta listen",
            "synonyms": [
                "meta list"
            ]
        }
    ]
}
