{
    "utterances": [
        {
            "text": "hey meduh",
            "entities": [
                {
                    "entity": "wake-word_entity:wake-word_entity",
                    "start": 0,
                    "end": 9,
                    "body": "hey meduh",
                    "entities": []
                }
            ],
            "traits": [],
            "intent": "wake_word"
        },
        {
            "text": "hey meta",
            "entities": [
                {
                    "entity": "wake-word_entity:wake-word_entity",
                    "start": 0,
                    "end": 8,
                    "body": "hey meta",
                    "entities": []
                }
            ],
            "traits": [],
            "intent": "wake_word"
        },
        {
            "text": "hey metuh",
            "entities": [
                {
                    "entity": "wake-word_entity:wake-word_entity",
                    "start": 0,
                    "end": 9,
                    "body": "hey metuh",
                    "entities": []
                }
            ],
            "traits": [],
            "intent": "wake_word"
        }
    ]
}
